{
  "lmarena": {
    "pearson_r": -0.6334997852778501,
    "pearson_p": 0.011227864989514589,
    "spearman_r": -0.7435212977889608,
    "spearman_p": 0.0014869409170362032
  },
  "mmlu": {
    "pearson_r": 0.4011757762131908,
    "pearson_p": 0.1961799492224496,
    "spearman_r": 0.2882289622262841,
    "spearman_p": 0.363609863858254
  }
}