comparison,s1_better_instances,s2_better_instances,chi2,p_value,significant
zero_shot_vs_one_shot,90,99,0.3386243386243386,0.5606243580191616,False
zero_shot_vs_few_shot,274,190,14.84698275862069,0.0001165944373636707,True
zero_shot_vs_zero_shot_cot,169,143,2.003205128205128,0.1569669882535737,False
one_shot_vs_few_shot,229,136,23.18904109589041,1.4683169925477912e-06,True
one_shot_vs_zero_shot_cot,188,153,3.3900293255131966,0.06559178254967002,False
few_shot_vs_zero_shot_cot,249,307,5.843525179856115,0.015634472372269115,True
