comparison,t_stat,p_value
zero_shot_vs_one_shot,-0.29935920183150544,0.7690641067609734
zero_shot_vs_few_shot,1.4896868810724297,0.1584875184352045
zero_shot_vs_zero_shot_cot,0.43839006609730324,0.6677924961976291
one_shot_vs_few_shot,2.176284024839293,0.04714731324299717
one_shot_vs_zero_shot_cot,0.4637025557192261,0.6499881909668299
few_shot_vs_zero_shot_cot,-0.6484133998860876,0.5272105313320884
