comparison,stat,p,n,p_holm,significant_holm
few_shot_vs_one_shot,17.5,0.09143087884793347,15,0.5485852730876009,False
few_shot_vs_zero_shot,21.0,0.15745932565074916,15,0.7872966282537458,False
few_shot_vs_zero_shot_cot,49.0,0.8260488636764323,15,0.8260488636764323,False
one_shot_vs_zero_shot,33.0,0.3807480666143739,15,1.0,False
one_shot_vs_zero_shot_cot,45.0,0.6376838503977392,15,1.0,False
zero_shot_vs_zero_shot_cot,37.0,0.5520074425329622,15,1.0,False
